odczyt_utc,business_date,period,dtime_utc,publication_ts_utc,cen_fcst,contracting,imb_energy,ceb_sr_fcst
2026-10-01 12:43:09,2026-10-01,00:00 - 00:15,2026-09-30 22:15:00,2026-09-30 22:38:16.123,677.82,short,-95.982,677.82
2026-10-01 12:43:09,2026-10-01,00:15 - 00:30,2026-09-30 22:30:00,2026-09-30 22:49:14.706,622.76,short,-4.773,595.8
2026-10-01 12:43:09,2026-10-01,00:30 - 00:45,2026-09-30 22:45:00,2026-09-30 23:08:13.328,630.21,short,-25.34,630.21
2026-10-01 12:43:09,2026-10-01,00:45 - 01:00,2026-09-30 23:00:00,2026-09-30 23:28:13.526,685.33,short,-2.578,685.33
2026-10-01 12:43:09,2026-10-01,01:00 - 01:15,2026-09-30 23:15:00,2026-09-30 23:38:13.802,432.2,long,25.041,432.2
2026-10-01 12:43:09,2026-10-01,01:15 - 01:30,2026-09-30 23:30:00,2026-09-30 23:48:14.482,664.61,short,-17.782,664.61
2026-10-01 12:43:09,2026-10-01,01:30 - 01:45,2026-09-30 23:45:00,2026-09-30 23:57:13.152,619.91,short,-29.758,619.91
2026-10-01 12:43:09,2026-10-01,01:45 - 02:00,2026-10-01 00:00:00,2026-10-01 00:12:13.532,623.68,short,-14.893,619.89
2026-10-01 12:43:09,2026-10-01,02:00 - 02:15,2026-10-01 00:15:00,2026-10-01 00:26:15.456,607.48,short,-27.146,607.48
2026-10-01 12:43:09,2026-10-01,02:15 - 02:30,2026-10-01 00:30:00,2026-10-01 00:41:13.757,345.9,long,2.031,345.9
2026-10-01 12:43:09,2026-10-01,02:30 - 02:45,2026-10-01 00:45:00,2026-10-01 00:57:13.732,611.5,short,-31.806,602.41
2026-10-01 12:43:09,2026-10-01,02:45 - 03:00,2026-10-01 01:00:00,2026-10-01 01:11:13.16,617.7,short,-21.438,591.07
2026-10-01 12:43:09,2026-10-01,03:00 - 03:15,2026-10-01 01:15:00,2026-10-01 01:26:14.143,419.09,long,41.061,419.09
2026-10-01 12:43:09,2026-10-01,03:15 - 03:30,2026-10-01 01:30:00,2026-10-01 01:41:14.104,417.75,long,48.123,417.75
2026-10-01 12:43:09,2026-10-01,03:30 - 03:45,2026-10-01 01:45:00,2026-10-01 01:56:14.061,417.62,long,38.981,417.62
2026-10-01 12:43:09,2026-10-01,03:45 - 04:00,2026-10-01 02:00:00,2026-10-01 02:11:13.491,416.51,long,51.914,416.51
2026-10-01 12:43:09,2026-10-01,04:00 - 04:15,2026-10-01 02:15:00,2026-10-01 02:26:13.703,431.71,long,55.497,431.71
2026-10-01 12:43:09,2026-10-01,04:15 - 04:30,2026-10-01 02:30:00,2026-10-01 02:41:14.138,429.53,long,42.465,429.53
2026-10-01 12:43:09,2026-10-01,04:30 - 04:45,2026-10-01 02:45:00,2026-10-01 02:56:13.186,419.03,long,87.086,419.03
2026-10-01 12:43:09,2026-10-01,04:45 - 05:00,2026-10-01 03:00:00,2026-10-01 03:11:13.58,421.45,long,76.285,421.45
2026-10-01 12:43:09,2026-10-01,05:00 - 05:15,2026-10-01 03:15:00,2026-10-01 03:26:13.673,426.1,long,55.825,426.1
2026-10-01 12:43:09,2026-10-01,05:15 - 05:30,2026-10-01 03:30:00,2026-10-01 03:41:14.487,601.67,long,9.142,601.67
2026-10-01 12:43:09,2026-10-01,05:30 - 05:45,2026-10-01 03:45:00,2026-10-01 03:56:13.086,720.34,short,-17.832,720.34
2026-10-01 12:43:09,2026-10-01,05:45 - 06:00,2026-10-01 04:00:00,2026-10-01 04:11:13.421,766.44,short,-38.821,722.58
2026-10-01 12:43:09,2026-10-01,06:00 - 06:15,2026-10-01 04:15:00,2026-10-01 04:26:13.387,471.54,long,61.554,471.54
2026-10-01 12:43:09,2026-10-01,06:15 - 06:30,2026-10-01 04:30:00,2026-10-01 04:41:13.691,874.62,short,-90.834,782.16
2026-10-01 12:43:09,2026-10-01,06:30 - 06:45,2026-10-01 04:45:00,2026-10-01 04:56:13.798,948.82,short,-117.741,802.33
2026-10-01 12:43:09,2026-10-01,06:45 - 07:00,2026-10-01 05:00:00,2026-10-01 05:11:13.36,1013.41,short,-104.545,807.25
2026-10-01 12:43:09,2026-10-01,07:00 - 07:15,2026-10-01 05:15:00,2026-10-01 05:26:14.927,968.56,short,-97.502,818.07
2026-10-01 12:43:09,2026-10-01,07:15 - 07:30,2026-10-01 05:30:00,2026-10-01 05:41:13.937,1042.58,short,-69.05,789.66
2026-10-01 12:43:09,2026-10-01,07:30 - 07:45,2026-10-01 05:45:00,2026-10-01 05:56:13.426,501.51,long,59.245,501.51
2026-10-01 12:43:09,2026-10-01,07:45 - 08:00,2026-10-01 06:00:00,2026-10-01 06:11:13.552,755.85,long,12.151,755.85
2026-10-01 12:43:09,2026-10-01,08:00 - 08:15,2026-10-01 06:15:00,2026-10-01 06:28:14.059,925.72,short,-127.969,818.07
2026-10-01 12:43:09,2026-10-01,08:15 - 08:30,2026-10-01 06:30:00,2026-10-01 06:41:13.396,1003.98,short,-74.906,786.12
2026-10-01 12:43:09,2026-10-01,08:30 - 08:45,2026-10-01 06:45:00,2026-10-01 06:56:13.704,835.45,short,-109.002,759.75
2026-10-01 12:43:09,2026-10-01,08:45 - 09:00,2026-10-01 07:00:00,2026-10-01 07:10:14.202,826.27,short,-202.15,818.07
2026-10-01 12:43:09,2026-10-01,09:00 - 09:15,2026-10-01 07:15:00,2026-10-01 07:26:13.581,1039.92,short,-132.556,709.55
2026-10-01 12:43:09,2026-10-01,09:15 - 09:30,2026-10-01 07:30:00,2026-10-01 07:42:13.678,67.1,long,52.973,67.1
2026-10-01 12:43:09,2026-10-01,09:30 - 09:45,2026-10-01 07:45:00,2026-10-01 07:56:13.844,31.06,long,139.786,31.06
2026-10-01 12:43:09,2026-10-01,09:45 - 10:00,2026-10-01 08:00:00,2026-10-01 08:11:13.682,23.15,long,178.006,23.15
2026-10-01 12:43:09,2026-10-01,10:00 - 10:15,2026-10-01 08:15:00,2026-10-01 08:26:13.651,-406.76,long,206.517,-406.76
2026-10-01 12:43:09,2026-10-01,10:15 - 10:30,2026-10-01 08:30:00,2026-10-01 08:41:14.104,565.44,short,-5.422,565.44
2026-10-01 12:43:09,2026-10-01,10:30 - 10:45,2026-10-01 08:45:00,2026-10-01 08:57:13.691,560.3,short,-21.312,560.3
2026-10-01 12:43:09,2026-10-01,10:45 - 11:00,2026-10-01 09:00:00,2026-10-01 09:11:14.086,527.16,short,-1.422,527.16
2026-10-01 12:43:09,2026-10-01,11:00 - 11:15,2026-10-01 09:15:00,2026-10-01 09:27:13.578,645.28,short,-275.267,645.28
2026-10-01 12:43:09,2026-10-01,11:15 - 11:30,2026-10-01 09:30:00,2026-10-01 09:43:13.533,606.55,short,-63.551,606.55
2026-10-01 12:43:09,2026-10-01,11:30 - 11:45,2026-10-01 09:45:00,2026-10-01 09:58:13.607,606.55,short,-46.999,606.55
2026-10-01 12:43:09,2026-10-01,11:45 - 12:00,2026-10-01 10:00:00,2026-10-01 10:11:14.025,595.61,short,-10.478,595.61
2026-10-01 12:43:09,2026-10-01,12:00 - 12:15,2026-10-01 10:15:00,2026-10-01 10:29:13.396,607.83,short,-53.778,607.83
2026-10-01 12:43:09,2026-10-01,12:15 - 12:30,2026-10-01 10:30:00,2026-10-01 10:43:13.979,-55.11,long,117.278,-55.11
2026-10-01 12:43:09,2026-10-01,12:30 - 12:45,2026-10-01 10:45:00,2026-10-01 10:57:13.542,-152.59,long,114.557,-52.84
2026-10-01 12:43:09,2026-10-01,12:45 - 13:00,2026-10-01 11:00:00,2026-10-01 11:11:13.516,-342.0,long,81.09,-133.32
2026-10-01 12:43:09,2026-10-01,13:00 - 13:15,2026-10-01 11:15:00,2026-10-01 11:28:13.95,548.06,short,-183.234,548.06
2026-10-01 12:43:09,2026-10-01,13:15 - 13:30,2026-10-01 11:30:00,2026-10-01 11:42:13.461,-297.19,long,145.883,-297.19
2026-10-01 12:43:09,2026-10-01,13:30 - 13:45,2026-10-01 11:45:00,2026-10-01 11:58:13.585,-298.31,long,113.902,-298.31
2026-10-01 12:43:09,2026-10-01,13:45 - 14:00,2026-10-01 12:00:00,2026-10-01 12:13:13.442,-290.04,long,122.786,-290.04
2026-10-01 12:43:09,2026-10-01,14:00 - 14:15,2026-10-01 12:15:00,2026-10-01 12:28:13.967,587.71,short,-136.067,587.71
2026-10-01 13:03:29,2026-10-01,14:15 - 14:30,2026-10-01 12:30:00,2026-10-01 12:43:13.619,-275.52,long,110.814,-275.52
2026-10-01 13:03:29,2026-10-01,14:30 - 14:45,2026-10-01 12:45:00,2026-10-01 12:59:13.536,-272.52,long,81.173,-272.52
2026-10-01 13:29:42,2026-10-01,14:45 - 15:00,2026-10-01 13:00:00,2026-10-01 13:11:13.197,-124.95,long,40.291,-124.95
2026-10-01 13:29:42,2026-10-01,15:00 - 15:15,2026-10-01 13:15:00,2026-10-01 13:26:13.961,-2647.81,long,13.597,-2647.81
2026-10-01 13:51:14,2026-10-01,15:15 - 15:30,2026-10-01 13:30:00,2026-10-01 13:42:13.524,293.31,long,130.273,293.31
2026-10-01 14:10:26,2026-10-01,15:30 - 15:45,2026-10-01 13:45:00,2026-10-01 13:56:13.028,307.7,long,122.767,307.7
2026-10-01 14:35:34,2026-10-01,15:45 - 16:00,2026-10-01 14:00:00,2026-10-01 14:11:13.666,309.7,long,6.13,309.7
2026-10-01 14:35:34,2026-10-01,16:00 - 16:15,2026-10-01 14:15:00,2026-10-01 14:28:13.696,770.79,short,-106.957,770.79
2026-10-01 14:54:50,2026-10-01,16:15 - 16:30,2026-10-01 14:30:00,2026-10-01 14:41:13.331,837.78,short,-159.688,837.78
2026-10-01 15:16:08,2026-10-01,16:30 - 16:45,2026-10-01 14:45:00,2026-10-01 14:57:13.617,819.31,short,-263.284,819.31
2026-10-01 15:16:08,2026-10-01,16:45 - 17:00,2026-10-01 15:00:00,2026-10-01 15:11:13.846,934.33,short,-391.533,934.33
2026-10-01 15:37:20,2026-10-01,17:00 - 17:15,2026-10-01 15:15:00,2026-10-01 15:26:13.564,881.47,short,-336.475,881.47
2026-10-01 15:56:19,2026-10-01,17:15 - 17:30,2026-10-01 15:30:00,2026-10-01 15:41:13.43,829.81,short,-244.613,829.81
2026-10-01 16:18:37,2026-10-01,17:30 - 17:45,2026-10-01 15:45:00,2026-10-01 15:56:13.239,786.38,short,-203.587,786.38
2026-10-01 16:18:37,2026-10-01,17:45 - 18:00,2026-10-01 16:00:00,2026-10-01 16:11:14.165,951.0,short,-265.549,951.0
2026-10-01 16:37:03,2026-10-01,18:00 - 18:15,2026-10-01 16:15:00,2026-10-01 16:26:13.475,872.42,short,-220.737,872.42
2026-10-01 16:54:29,2026-10-01,18:15 - 18:30,2026-10-01 16:30:00,2026-10-01 16:41:13.921,921.9,short,-230.618,921.9
2026-10-01 17:15:12,2026-10-01,18:30 - 18:45,2026-10-01 16:45:00,2026-10-01 16:57:14.483,1036.17,short,-287.891,1036.17
2026-10-01 17:15:12,2026-10-01,18:45 - 19:00,2026-10-01 17:00:00,2026-10-01 17:11:13.198,1062.45,short,-285.332,951.92
2026-10-01 17:35:37,2026-10-01,19:00 - 19:15,2026-10-01 17:15:00,2026-10-01 17:26:14.121,1118.49,short,-332.624,1118.49
2026-10-01 17:54:24,2026-10-01,19:15 - 19:30,2026-10-01 17:30:00,2026-10-01 17:42:13.644,925.58,short,-242.205,866.11
2026-10-01 18:18:32,2026-10-01,19:30 - 19:45,2026-10-01 17:45:00,2026-10-01 17:57:13.771,821.99,short,-144.26,818.07
2026-10-01 18:18:32,2026-10-01,19:45 - 20:00,2026-10-01 18:00:00,2026-10-01 18:11:13.16,781.8,short,-129.327,781.8
2026-10-01 18:42:05,2026-10-01,20:00 - 20:15,2026-10-01 18:15:00,2026-10-01 18:26:13.779,715.09,short,-41.852,659.4
2026-10-01 18:42:05,2026-10-01,20:15 - 20:30,2026-10-01 18:30:00,2026-10-01 18:41:13.875,865.97,short,-10.876,865.97
2026-10-01 18:59:29,2026-10-01,20:30 - 20:45,2026-10-01 18:45:00,2026-10-01 18:57:13.441,838.42,short,-53.233,702.55
2026-10-01 19:21:59,2026-10-01,20:45 - 21:00,2026-10-01 19:00:00,2026-10-01 19:11:13.182,914.23,short,-105.173,765.69
2026-10-01 19:40:19,2026-10-01,21:00 - 21:15,2026-10-01 19:15:00,2026-10-01 19:26:12.908,807.25,short,-157.342,807.25
2026-10-01 19:55:09,2026-10-01,21:15 - 21:30,2026-10-01 19:30:00,2026-10-01 19:41:14.542,817.58,short,-198.418,770.97
2026-10-02 03:16:29,2026-10-02,00:00 - 00:15,2026-10-01 22:15:00,2026-10-01 22:45:16.619,810.23,short,-46.479,727.27
2026-10-02 03:16:29,2026-10-02,00:15 - 00:30,2026-10-01 22:30:00,2026-10-01 22:55:13.592,754.08,short,-44.467,754.08
2026-10-02 03:16:29,2026-10-02,00:30 - 00:45,2026-10-01 22:45:00,2026-10-01 23:06:14.117,726.46,short,-17.838,726.46
2026-10-02 03:16:29,2026-10-02,00:45 - 01:00,2026-10-01 23:00:00,2026-10-01 23:20:13.444,724.09,short,-36.924,601.31
2026-10-02 03:16:29,2026-10-02,01:00 - 01:15,2026-10-01 23:15:00,2026-10-01 23:30:14.86,738.62,short,-95.885,738.62
2026-10-02 03:16:29,2026-10-02,01:15 - 01:30,2026-10-01 23:30:00,2026-10-01 23:43:13.924,699.67,short,-72.334,699.67
2026-10-02 03:16:29,2026-10-02,01:30 - 01:45,2026-10-01 23:45:00,2026-10-01 23:58:13.404,688.38,short,-90.313,688.38
2026-10-02 03:16:29,2026-10-02,01:45 - 02:00,2026-10-02 00:00:00,2026-10-02 00:12:13.305,697.16,short,-127.902,697.16
2026-10-02 03:16:29,2026-10-02,02:00 - 02:15,2026-10-02 00:15:00,2026-10-02 00:26:13.772,729.82,short,-108.736,729.82
2026-10-02 03:16:29,2026-10-02,02:15 - 02:30,2026-10-02 00:30:00,2026-10-02 00:41:12.958,737.47,short,-104.726,737.47
2026-10-02 03:16:29,2026-10-02,02:30 - 02:45,2026-10-02 00:45:00,2026-10-02 00:57:13.495,733.62,short,-119.389,733.62
2026-10-02 03:16:29,2026-10-02,02:45 - 03:00,2026-10-02 01:00:00,2026-10-02 01:11:13.549,718.88,short,-125.959,718.88
2026-10-02 03:16:29,2026-10-02,03:00 - 03:15,2026-10-02 01:15:00,2026-10-02 01:26:13.725,694.84,short,-132.203,694.84
2026-10-02 03:16:29,2026-10-02,03:15 - 03:30,2026-10-02 01:30:00,2026-10-02 01:41:13.91,702.78,short,-135.233,702.78
2026-10-02 03:16:29,2026-10-02,03:30 - 03:45,2026-10-02 01:45:00,2026-10-02 01:57:13.786,730.43,short,-148.084,730.43
2026-10-02 03:16:29,2026-10-02,03:45 - 04:00,2026-10-02 02:00:00,2026-10-02 02:11:13.859,759.11,short,-136.427,759.11
2026-10-02 03:16:29,2026-10-02,04:00 - 04:15,2026-10-02 02:15:00,2026-10-02 02:26:13.699,713.1,short,-104.598,689.38
2026-10-02 03:16:29,2026-10-02,04:15 - 04:30,2026-10-02 02:30:00,2026-10-02 02:41:14.126,701.28,short,-92.578,701.28
2026-10-02 03:16:29,2026-10-02,04:30 - 04:45,2026-10-02 02:45:00,2026-10-02 02:56:13.505,703.42,short,-117.7,703.42
2026-10-02 03:16:29,2026-10-02,04:45 - 05:00,2026-10-02 03:00:00,2026-10-02 03:11:13.786,717.87,short,-103.608,717.62
2026-10-02 03:36:59,2026-10-02,05:00 - 05:15,2026-10-02 03:15:00,2026-10-02 03:26:14.217,715.86,short,-46.93,667.03
2026-10-02 03:54:57,2026-10-02,05:15 - 05:30,2026-10-02 03:30:00,2026-10-02 03:41:14.717,789.14,short,-137.488,789.14
2026-10-02 04:16:15,2026-10-02,05:30 - 05:45,2026-10-02 03:45:00,2026-10-02 03:56:13.516,808.91,short,-154.463,798.78
2026-10-02 04:16:15,2026-10-02,05:45 - 06:00,2026-10-02 04:00:00,2026-10-02 04:11:13.277,843.05,short,-169.36,793.53
2026-10-02 04:36:47,2026-10-02,06:00 - 06:15,2026-10-02 04:15:00,2026-10-02 04:26:13.702,855.92,short,-105.692,845.15
2026-10-02 04:54:54,2026-10-02,06:15 - 06:30,2026-10-02 04:30:00,2026-10-02 04:41:14.645,945.91,short,-216.288,812.58
2026-10-02 05:15:06,2026-10-02,06:30 - 06:45,2026-10-02 04:45:00,2026-10-02 04:56:13.614,1008.11,short,-221.901,927.24
2026-10-02 05:15:06,2026-10-02,06:45 - 07:00,2026-10-02 05:00:00,2026-10-02 05:11:13.426,927.23,short,-236.467,927.23
2026-10-02 05:34:37,2026-10-02,07:00 - 07:15,2026-10-02 05:15:00,2026-10-02 05:26:13.605,999.14,short,-318.981,929.2
2026-10-02 05:52:49,2026-10-02,07:15 - 07:30,2026-10-02 05:30:00,2026-10-02 05:41:13.717,1026.8,short,-299.462,919.18
2026-10-02 06:13:42,2026-10-02,07:30 - 07:45,2026-10-02 05:45:00,2026-10-02 05:57:13.679,879.18,short,-172.244,879.18
2026-10-02 06:13:42,2026-10-02,07:45 - 08:00,2026-10-02 06:00:00,2026-10-02 06:13:13.97,621.97,short,-13.215,589.64
2026-10-02 06:41:29,2026-10-02,08:00 - 08:15,2026-10-02 06:15:00,2026-10-02 06:28:13.519,444.49,long,124.088,444.49
2026-10-02 06:41:29,2026-10-02,08:15 - 08:30,2026-10-02 06:30:00,2026-10-02 06:41:14.026,255.95,long,120.976,255.95
2026-10-02 07:01:13,2026-10-02,08:30 - 08:45,2026-10-02 06:45:00,2026-10-02 06:56:13.85,252.68,long,137.595,252.68
2026-10-02 07:24:58,2026-10-02,08:45 - 09:00,2026-10-02 07:00:00,2026-10-02 07:11:13.579,255.68,long,45.494,255.68
2026-10-02 07:45:46,2026-10-02,09:00 - 09:15,2026-10-02 07:15:00,2026-10-02 07:26:13.849,736.17,short,-46.761,543.28
2026-10-02 07:45:46,2026-10-02,09:15 - 09:30,2026-10-02 07:30:00,2026-10-02 07:42:13.525,649.72,short,-62.24,649.72
2026-10-02 08:01:12,2026-10-02,09:30 - 09:45,2026-10-02 07:45:00,2026-10-02 07:59:13.569,555.09,short,-76.398,555.09
2026-10-02 08:25:35,2026-10-02,09:45 - 10:00,2026-10-02 08:00:00,2026-10-02 08:11:13.419,470.09,short,-72.211,355.02
2026-10-02 08:46:05,2026-10-02,10:00 - 10:15,2026-10-02 08:15:00,2026-10-02 08:27:13.065,736.62,short,-314.58,736.62
2026-10-02 08:46:05,2026-10-02,10:15 - 10:30,2026-10-02 08:30:00,2026-10-02 08:42:14.252,746.02,short,-277.676,746.02
2026-10-02 09:01:25,2026-10-02,10:30 - 10:45,2026-10-02 08:45:00,2026-10-02 08:58:13.807,686.22,short,-230.029,686.22
2026-10-02 09:25:07,2026-10-02,10:45 - 11:00,2026-10-02 09:00:00,2026-10-02 09:10:13.822,610.33,short,-152.298,610.33
2026-10-02 09:46:14,2026-10-02,11:00 - 11:15,2026-10-02 09:15:00,2026-10-02 09:28:14.709,600.11,short,-149.099,600.11
2026-10-02 09:46:14,2026-10-02,11:15 - 11:30,2026-10-02 09:30:00,2026-10-02 09:43:13.712,600.76,short,-139.83,600.76
2026-10-02 09:59:57,2026-10-02,11:30 - 11:45,2026-10-02 09:45:00,2026-10-02 09:57:13.751,621.55,short,-164.428,621.55
2026-10-02 10:22:08,2026-10-02,11:45 - 12:00,2026-10-02 10:00:00,2026-10-02 10:11:13.318,653.47,short,-173.214,653.47
2026-10-02 10:41:58,2026-10-02,12:00 - 12:15,2026-10-02 10:15:00,2026-10-02 10:26:13.502,677.64,short,-226.2,677.64
2026-10-02 10:41:58,2026-10-02,12:15 - 12:30,2026-10-02 10:30:00,2026-10-02 10:41:12.971,590.9,short,-25.679,590.9
2026-10-02 10:58:08,2026-10-02,12:30 - 12:45,2026-10-02 10:45:00,2026-10-02 10:57:14.003,-477.42,long,23.425,-477.42
2026-10-02 11:19:52,2026-10-02,12:45 - 13:00,2026-10-02 11:00:00,2026-10-02 11:11:13.097,-358.25,long,6.261,-358.25
2026-10-02 11:39:23,2026-10-02,13:00 - 13:15,2026-10-02 11:15:00,2026-10-02 11:27:13.086,632.59,short,-257.22,632.59
2026-10-02 11:56:29,2026-10-02,13:15 - 13:30,2026-10-02 11:30:00,2026-10-02 11:41:14.713,503.23,short,-3.365,503.23
2026-10-02 12:23:22,2026-10-02,13:30 - 13:45,2026-10-02 11:45:00,2026-10-02 11:57:13.477,547.56,short,-42.651,547.56
2026-10-02 12:23:22,2026-10-02,13:45 - 14:00,2026-10-02 12:00:00,2026-10-02 12:12:13.976,552.53,short,-43.351,552.53
2026-10-02 12:48:19,2026-10-02,14:00 - 14:15,2026-10-02 12:15:00,2026-10-02 12:27:14.113,688.65,short,-307.914,688.65
2026-10-02 12:48:19,2026-10-02,14:15 - 14:30,2026-10-02 12:30:00,2026-10-02 12:41:13.264,631.04,short,-141.209,631.04
2026-10-02 13:04:45,2026-10-02,14:30 - 14:45,2026-10-02 12:45:00,2026-10-02 12:57:14.262,623.93,short,-145.069,623.93
2026-10-02 13:28:52,2026-10-02,14:45 - 15:00,2026-10-02 13:00:00,2026-10-02 13:11:13.485,676.07,short,-155.969,676.07
2026-10-02 13:28:52,2026-10-02,15:00 - 15:15,2026-10-02 13:15:00,2026-10-02 13:26:13.136,681.73,short,-103.125,681.73
2026-10-02 13:50:32,2026-10-02,15:15 - 15:30,2026-10-02 13:30:00,2026-10-02 13:41:13.828,620.17,short,-109.208,620.17
2026-10-02 14:07:47,2026-10-02,15:30 - 15:45,2026-10-02 13:45:00,2026-10-02 13:57:13.229,734.47,short,-172.919,734.47
2026-10-02 14:31:53,2026-10-02,15:45 - 16:00,2026-10-02 14:00:00,2026-10-02 14:11:13.654,773.93,short,-170.013,773.93
2026-10-02 14:31:53,2026-10-02,16:00 - 16:15,2026-10-02 14:15:00,2026-10-02 14:26:13.644,524.61,long,42.016,524.61
2026-10-02 14:53:28,2026-10-02,16:15 - 16:30,2026-10-02 14:30:00,2026-10-02 14:41:13.538,239.87,long,116.818,239.87
2026-10-02 15:13:55,2026-10-02,16:30 - 16:45,2026-10-02 14:45:00,2026-10-02 14:57:13.714,767.54,short,-103.085,767.54
2026-10-02 15:13:55,2026-10-02,16:45 - 17:00,2026-10-02 15:00:00,2026-10-02 15:12:13.576,937.51,short,-180.875,798.27
2026-10-02 15:37:04,2026-10-02,17:00 - 17:15,2026-10-02 15:15:00,2026-10-02 15:27:13.521,812.58,short,-136.888,812.58
2026-10-02 15:55:53,2026-10-02,17:15 - 17:30,2026-10-02 15:30:00,2026-10-02 15:41:13.58,966.0,short,-126.01,810.58
2026-10-02 16:18:18,2026-10-02,17:30 - 17:45,2026-10-02 15:45:00,2026-10-02 15:56:14.27,1051.92,short,-186.629,999.44
2026-10-02 16:18:18,2026-10-02,17:45 - 18:00,2026-10-02 16:00:00,2026-10-02 16:11:13.966,1150.14,short,-207.33,999.45
2026-10-02 16:39:01,2026-10-02,18:00 - 18:15,2026-10-02 16:15:00,2026-10-02 16:26:13.903,1050.39,short,-106.344,809.58
2026-10-02 16:56:55,2026-10-02,18:15 - 18:30,2026-10-02 16:30:00,2026-10-02 16:41:14.422,1096.18,short,-128.16,811.58
2026-10-02 17:19:58,2026-10-02,18:30 - 18:45,2026-10-02 16:45:00,2026-10-02 16:57:14.313,1208.18,short,-164.034,1175.54
2026-10-02 17:19:58,2026-10-02,18:45 - 19:00,2026-10-02 17:00:00,2026-10-02 17:11:13.299,1309.99,short,-199.043,1175.56
2026-10-02 17:37:52,2026-10-02,19:00 - 19:15,2026-10-02 17:15:00,2026-10-02 17:26:13.513,1419.9,short,-114.328,809.58
2026-10-02 17:54:09,2026-10-02,19:15 - 19:30,2026-10-02 17:30:00,2026-10-02 17:41:13.769,1425.46,short,-69.471,808.58
2026-10-02 18:17:46,2026-10-02,19:30 - 19:45,2026-10-02 17:45:00,2026-10-02 17:56:13.102,927.84,long,4.877,927.84
2026-10-02 18:17:46,2026-10-02,19:45 - 20:00,2026-10-02 18:00:00,2026-10-02 18:11:13.796,819.59,long,49.128,819.59
2026-10-02 18:40:37,2026-10-02,20:00 - 20:15,2026-10-02 18:15:00,2026-10-02 18:27:16.007,1237.38,short,-20.874,589.72
2026-10-02 18:59:24,2026-10-02,20:15 - 20:30,2026-10-02 18:30:00,2026-10-02 18:41:13.328,882.87,long,10.043,882.87
2026-10-02 18:59:24,2026-10-02,20:30 - 20:45,2026-10-02 18:45:00,2026-10-02 18:57:13.603,867.83,long,32.349,867.83
2026-10-02 19:21:27,2026-10-02,20:45 - 21:00,2026-10-02 19:00:00,2026-10-02 19:10:13.729,755.36,long,40.923,755.36
2026-10-02 19:41:21,2026-10-02,21:00 - 21:15,2026-10-02 19:15:00,2026-10-02 19:26:13.5,1071.4,short,-88.116,797.76
2026-10-02 19:57:42,2026-10-02,21:15 - 21:30,2026-10-02 19:30:00,2026-10-02 19:43:13.414,1042.34,short,-165.565,990.85
2026-10-03 03:22:06,2026-10-03,00:00 - 00:15,2026-10-02 22:15:00,2026-10-02 22:27:13.626,1016.81,short,-19.847,1016.81
2026-10-03 03:22:06,2026-10-03,00:15 - 00:30,2026-10-02 22:30:00,2026-10-02 22:54:13.27,1124.3,short,-21.873,1124.3
2026-10-03 03:22:06,2026-10-03,00:30 - 00:45,2026-10-02 22:45:00,2026-10-02 23:03:13.293,995.43,short,-51.194,995.43
2026-10-03 03:22:06,2026-10-03,00:45 - 01:00,2026-10-02 23:00:00,2026-10-02 23:11:14.272,853.92,short,-98.855,853.92
2026-10-03 03:22:06,2026-10-03,01:00 - 01:15,2026-10-02 23:15:00,2026-10-02 23:28:13.875,840.52,short,-222.754,840.52
2026-10-03 03:22:06,2026-10-03,01:15 - 01:30,2026-10-02 23:30:00,2026-10-02 23:44:13.52,830.45,short,-215.175,830.45
2026-10-03 03:22:06,2026-10-03,01:30 - 01:45,2026-10-02 23:45:00,2026-10-02 23:57:13.806,818.3,short,-144.783,818.3
2026-10-03 03:22:06,2026-10-03,01:45 - 02:00,2026-10-03 00:00:00,2026-10-03 00:12:13.623,828.67,short,-145.331,828.67
2026-10-03 03:22:06,2026-10-03,02:00 - 02:15,2026-10-03 00:15:00,2026-10-03 00:26:13.049,848.72,short,-120.226,848.72
2026-10-03 03:22:06,2026-10-03,02:15 - 02:30,2026-10-03 00:30:00,2026-10-03 00:41:13.829,787.38,short,-22.689,787.38
2026-10-03 03:22:06,2026-10-03,02:30 - 02:45,2026-10-03 00:45:00,2026-10-03 00:56:13.917,872.04,short,-20.812,872.04
2026-10-03 03:22:06,2026-10-03,02:45 - 03:00,2026-10-03 01:00:00,2026-10-03 01:11:13.35,805.83,short,-47.478,805.83
2026-10-03 03:22:06,2026-10-03,03:00 - 03:15,2026-10-03 01:15:00,2026-10-03 01:26:13.611,808.85,short,-85.089,808.85
2026-10-03 03:22:06,2026-10-03,03:15 - 03:30,2026-10-03 01:30:00,2026-10-03 01:41:13.655,859.7,short,-89.568,859.7
2026-10-03 03:22:06,2026-10-03,03:30 - 03:45,2026-10-03 01:45:00,2026-10-03 01:56:13.292,813.47,short,-106.498,813.47
2026-10-03 03:22:06,2026-10-03,03:45 - 04:00,2026-10-03 02:00:00,2026-10-03 02:11:13.192,799.15,short,-114.608,799.15
2026-10-03 03:22:06,2026-10-03,04:00 - 04:15,2026-10-03 02:15:00,2026-10-03 02:26:13.652,780.15,short,-96.149,780.15
2026-10-03 03:22:06,2026-10-03,04:15 - 04:30,2026-10-03 02:30:00,2026-10-03 02:41:13.47,787.24,short,-107.815,787.24
2026-10-03 03:22:06,2026-10-03,04:30 - 04:45,2026-10-03 02:45:00,2026-10-03 02:56:13.499,787.22,short,-88.691,787.22
2026-10-03 03:22:06,2026-10-03,04:45 - 05:00,2026-10-03 03:00:00,2026-10-03 03:11:13.661,794.75,short,-90.839,794.75
2026-10-03 03:53:09,2026-10-03,05:00 - 05:15,2026-10-03 03:15:00,2026-10-03 03:26:13.092,750.41,short,-83.726,750.41
2026-10-03 03:53:09,2026-10-03,05:15 - 05:30,2026-10-03 03:30:00,2026-10-03 03:41:13.321,766.24,short,-78.982,766.24
2026-10-03 04:13:59,2026-10-03,05:30 - 05:45,2026-10-03 03:45:00,2026-10-03 03:56:13.618,748.32,short,-66.23,748.32
2026-10-03 04:13:59,2026-10-03,05:45 - 06:00,2026-10-03 04:00:00,2026-10-03 04:11:13.617,784.72,short,-77.117,784.72
2026-10-03 04:34:57,2026-10-03,06:00 - 06:15,2026-10-03 04:15:00,2026-10-03 04:28:13.837,790.76,short,-1.016,790.76
2026-10-03 04:52:57,2026-10-03,06:15 - 06:30,2026-10-03 04:30:00,2026-10-03 04:43:13.268,786.1,short,-23.967,720.18
2026-10-03 05:10:15,2026-10-03,06:30 - 06:45,2026-10-03 04:45:00,2026-10-03 04:59:13.726,866.74,short,-44.182,866.74
2026-10-03 05:39:10,2026-10-03,06:45 - 07:00,2026-10-03 05:00:00,2026-10-03 05:13:13.588,872.2,short,-36.658,872.2
2026-10-03 05:39:10,2026-10-03,07:00 - 07:15,2026-10-03 05:15:00,2026-10-03 05:28:14.088,903.58,short,-93.767,903.58
2026-10-03 06:01:16,2026-10-03,07:15 - 07:30,2026-10-03 05:30:00,2026-10-03 05:42:14.527,905.78,short,-100.801,905.78
2026-10-03 06:01:16,2026-10-03,07:30 - 07:45,2026-10-03 05:45:00,2026-10-03 05:58:13.805,928.87,short,-107.22,928.87
2026-10-03 06:29:14,2026-10-03,07:45 - 08:00,2026-10-03 06:00:00,2026-10-03 06:12:13.89,899.75,short,-84.543,899.75
2026-10-03 07:01:46,2026-10-03,08:00 - 08:15,2026-10-03 06:15:00,2026-10-03 06:29:13.224,895.68,short,-90.453,895.68
2026-10-03 07:01:46,2026-10-03,08:15 - 08:30,2026-10-03 06:30:00,2026-10-03 06:42:13.69,793.44,short,-4.704,793.44
2026-10-03 07:01:46,2026-10-03,08:30 - 08:45,2026-10-03 06:45:00,2026-10-03 06:57:13.604,454.97,long,35.381,454.97
2026-10-03 07:23:55,2026-10-03,08:45 - 09:00,2026-10-03 07:00:00,2026-10-03 07:11:13.272,446.98,long,8.25,446.98
2026-10-03 07:44:39,2026-10-03,09:00 - 09:15,2026-10-03 07:15:00,2026-10-03 07:26:13.607,790.78,short,-166.088,790.78
2026-10-03 07:44:39,2026-10-03,09:15 - 09:30,2026-10-03 07:30:00,2026-10-03 07:41:13.704,685.66,short,-164.048,685.66
2026-10-03 07:59:56,2026-10-03,09:30 - 09:45,2026-10-03 07:45:00,2026-10-03 07:57:13.944,625.5,short,-162.151,625.5
2026-10-03 08:22:57,2026-10-03,09:45 - 10:00,2026-10-03 08:00:00,2026-10-03 08:11:13.622,602.15,short,-166.583,602.15
2026-10-03 08:45:44,2026-10-03,10:00 - 10:15,2026-10-03 08:15:00,2026-10-03 08:27:13.434,701.22,short,-269.465,701.22
2026-10-03 08:45:44,2026-10-03,10:15 - 10:30,2026-10-03 08:30:00,2026-10-03 08:42:13.548,656.8,short,-243.334,656.8
2026-10-03 09:02:41,2026-10-03,10:30 - 10:45,2026-10-03 08:45:00,2026-10-03 08:58:13.206,638.05,short,-259.111,638.05
2026-10-03 09:24:35,2026-10-03,10:45 - 11:00,2026-10-03 09:00:00,2026-10-03 09:13:12.942,612.02,short,-241.301,612.02
2026-10-03 09:43:29,2026-10-03,11:00 - 11:15,2026-10-03 09:15:00,2026-10-03 09:29:13.463,613.93,short,-275.44,613.93
2026-10-03 09:43:29,2026-10-03,11:15 - 11:30,2026-10-03 09:30:00,2026-10-03 09:43:13.97,613.03,short,-258.612,613.03
2026-10-03 10:17:35,2026-10-03,11:30 - 11:45,2026-10-03 09:45:00,2026-10-03 09:59:13.422,605.22,short,-235.482,605.22
2026-10-03 10:17:35,2026-10-03,11:45 - 12:00,2026-10-03 10:00:00,2026-10-03 10:14:13.465,601.65,short,-227.867,601.65
2026-10-03 10:39:01,2026-10-03,12:00 - 12:15,2026-10-03 10:15:00,2026-10-03 10:30:14.336,600.4,short,-234.236,600.4
2026-10-03 11:17:39,2026-10-03,12:15 - 12:30,2026-10-03 10:30:00,2026-10-03 10:45:14.436,602.9,short,-231.231,602.9
2026-10-03 11:17:39,2026-10-03,12:30 - 12:45,2026-10-03 10:45:00,2026-10-03 11:00:14.954,602.9,short,-213.468,602.9
2026-10-03 11:17:39,2026-10-03,12:45 - 13:00,2026-10-03 11:00:00,2026-10-03 11:15:14.484,602.9,short,-229.381,602.9
2026-10-03 14:43:44,2026-10-03,13:00 - 13:15,2026-10-03 11:15:00,2026-10-03 11:31:13.54,561.65,short,-241.801,561.65
2026-10-03 14:43:44,2026-10-03,13:15 - 13:30,2026-10-03 11:30:00,2026-10-03 11:44:13.642,550.11,short,-45.854,550.11
2026-10-03 14:43:44,2026-10-03,13:30 - 13:45,2026-10-03 11:45:00,2026-10-03 11:59:16.124,556.1,short,-73.804,556.1
2026-10-03 14:43:44,2026-10-03,13:45 - 14:00,2026-10-03 12:00:00,2026-10-03 12:13:15.291,563.8,short,-74.488,563.8
2026-10-03 14:43:44,2026-10-03,14:00 - 14:15,2026-10-03 12:15:00,2026-10-03 12:28:13.183,603.27,short,-196.22,603.27
2026-10-03 14:43:44,2026-10-03,14:15 - 14:30,2026-10-03 12:30:00,2026-10-03 12:43:13.377,593.51,short,-127.12,593.51
2026-10-03 14:43:44,2026-10-03,14:30 - 14:45,2026-10-03 12:45:00,2026-10-03 12:59:13.456,591.21,short,-117.401,591.21
2026-10-03 14:43:44,2026-10-03,14:45 - 15:00,2026-10-03 13:00:00,2026-10-03 13:13:13.515,506.38,short,-98.533,506.38
2026-10-03 14:43:44,2026-10-03,15:00 - 15:15,2026-10-03 13:15:00,2026-10-03 13:28:13.536,599.95,short,-124.255,599.95
2026-10-03 14:43:44,2026-10-03,15:15 - 15:30,2026-10-03 13:30:00,2026-10-03 13:43:13.512,606.2,short,-123.884,606.2
2026-10-03 14:43:44,2026-10-03,15:30 - 15:45,2026-10-03 13:45:00,2026-10-03 13:58:14.038,519.78,short,-88.446,517.04
2026-10-03 14:43:44,2026-10-03,15:45 - 16:00,2026-10-03 14:00:00,2026-10-03 14:12:13.38,588.94,short,-79.074,540.92
2026-10-03 14:43:44,2026-10-03,16:00 - 16:15,2026-10-03 14:15:00,2026-10-03 14:26:13.282,727.47,short,-43.522,727.47
2026-10-03 14:43:44,2026-10-03,16:15 - 16:30,2026-10-03 14:30:00,2026-10-03 14:41:13.618,884.55,short,-66.204,884.55
2026-10-03 18:43:50,2026-10-03,16:30 - 16:45,2026-10-03 14:45:00,2026-10-03 14:57:13.835,845.97,short,-122.486,845.97
2026-10-03 18:43:50,2026-10-03,16:45 - 17:00,2026-10-03 15:00:00,2026-10-03 15:11:13.668,874.99,short,-99.901,745.64
2026-10-03 18:43:50,2026-10-03,17:00 - 17:15,2026-10-03 15:15:00,2026-10-03 15:27:14.176,427.72,long,112.945,427.72
2026-10-03 18:43:50,2026-10-03,17:15 - 17:30,2026-10-03 15:30:00,2026-10-03 15:41:13.716,427.72,long,78.464,427.72
2026-10-03 18:43:50,2026-10-03,17:30 - 17:45,2026-10-03 15:45:00,2026-10-03 15:56:13.255,428.08,long,34.535,428.08
2026-10-03 18:43:50,2026-10-03,17:45 - 18:00,2026-10-03 16:00:00,2026-10-03 16:11:13.418,579.14,long,24.78,579.14
2026-10-03 18:43:50,2026-10-03,18:00 - 18:15,2026-10-03 16:15:00,2026-10-03 16:27:13.308,825.22,long,9.955,825.22
2026-10-03 18:43:50,2026-10-03,18:15 - 18:30,2026-10-03 16:30:00,2026-10-03 16:44:13.779,969.78,short,-5.964,588.47
2026-10-03 18:43:50,2026-10-03,18:30 - 18:45,2026-10-03 16:45:00,2026-10-03 16:57:13.443,647.91,long,40.941,647.91
2026-10-03 18:43:50,2026-10-03,18:45 - 19:00,2026-10-03 17:00:00,2026-10-03 17:11:14.554,595.68,long,9.011,595.68
2026-10-03 18:43:50,2026-10-03,19:00 - 19:15,2026-10-03 17:15:00,2026-10-03 17:28:14.049,593.32,long,55.793,593.32
2026-10-03 18:43:50,2026-10-03,19:15 - 19:30,2026-10-03 17:30:00,2026-10-03 17:42:13.395,558.19,long,99.99,558.19
2026-10-03 18:43:50,2026-10-03,19:30 - 19:45,2026-10-03 17:45:00,2026-10-03 17:58:15.084,570.11,long,69.126,570.11
2026-10-03 18:43:50,2026-10-03,19:45 - 20:00,2026-10-03 18:00:00,2026-10-03 18:13:13.403,621.83,long,46.699,621.83
2026-10-03 18:43:50,2026-10-03,20:00 - 20:15,2026-10-03 18:15:00,2026-10-03 18:27:13.623,1016.62,short,-48.992,1016.62
2026-10-03 18:43:50,2026-10-03,20:15 - 20:30,2026-10-03 18:30:00,2026-10-03 18:41:14.138,1026.62,short,-63.332,1026.62
2026-10-04 02:19:50,2026-10-04,00:00 - 00:15,2026-10-03 22:15:00,2026-10-03 22:39:14.537,607.23,long,16.784,607.23
2026-10-04 02:19:50,2026-10-04,00:15 - 00:30,2026-10-03 22:30:00,2026-10-03 22:48:13.954,680.23,short,-30.436,680.23
2026-10-04 02:19:50,2026-10-04,00:30 - 00:45,2026-10-03 22:45:00,2026-10-03 22:57:16.338,788.85,short,-57.8,788.85
2026-10-04 02:19:50,2026-10-04,00:45 - 01:00,2026-10-03 23:00:00,2026-10-03 23:11:13.465,860.23,short,-91.839,860.23
2026-10-04 02:19:50,2026-10-04,01:00 - 01:15,2026-10-03 23:15:00,2026-10-03 23:29:13.989,875.04,short,-115.781,875.04
2026-10-04 02:19:50,2026-10-04,01:15 - 01:30,2026-10-03 23:30:00,2026-10-03 23:47:13.705,859.02,short,-111.913,859.02
2026-10-04 02:19:50,2026-10-04,01:30 - 01:45,2026-10-03 23:45:00,2026-10-03 23:56:13.723,838.9,short,-114.107,838.9
2026-10-04 02:19:50,2026-10-04,01:45 - 02:00,2026-10-04 00:00:00,2026-10-04 00:11:13.939,826.7,short,-113.987,826.7
2026-10-04 02:19:50,2026-10-04,02:00 - 02:15,2026-10-04 00:15:00,2026-10-04 00:30:13.69,825.83,short,-66.208,825.83
2026-10-04 02:19:50,2026-10-04,02:15 - 02:30,2026-10-04 00:30:00,2026-10-04 00:43:13.696,827.26,short,-35.609,827.26
2026-10-04 02:19:50,2026-10-04,02:30 - 02:45,2026-10-04 00:45:00,2026-10-04 00:58:13.8,787.41,short,-28.865,787.41
2026-10-04 02:19:50,2026-10-04,02:45 - 03:00,2026-10-04 01:00:00,2026-10-04 01:13:13.731,775.16,short,-8.638,775.16
2026-10-04 02:19:50,2026-10-04,03:00 - 03:15,2026-10-04 01:15:00,2026-10-04 01:26:13.499,783.6,short,-27.117,783.6
2026-10-04 02:19:50,2026-10-04,03:15 - 03:30,2026-10-04 01:30:00,2026-10-04 01:41:13.516,789.6,short,-22.637,789.6
2026-10-04 02:19:50,2026-10-04,03:30 - 03:45,2026-10-04 01:45:00,2026-10-04 01:56:13.539,778.39,short,-48.781,778.39
2026-10-04 02:19:50,2026-10-04,03:45 - 04:00,2026-10-04 02:00:00,2026-10-04 02:11:14.142,759.71,short,-44.853,759.71
2026-10-04 05:10:08,2026-10-04,04:00 - 04:15,2026-10-04 02:15:00,2026-10-04 02:26:13.538,787.04,short,-58.062,787.04
2026-10-04 05:10:08,2026-10-04,04:15 - 04:30,2026-10-04 02:30:00,2026-10-04 02:41:13.547,773.1,short,-56.443,773.1
2026-10-04 05:10:08,2026-10-04,04:30 - 04:45,2026-10-04 02:45:00,2026-10-04 02:56:13.846,763.07,short,-31.863,763.07
2026-10-04 05:10:08,2026-10-04,04:45 - 05:00,2026-10-04 03:00:00,2026-10-04 03:11:13.722,619.06,long,8.018,619.06
2026-10-04 05:10:08,2026-10-04,05:00 - 05:15,2026-10-04 03:15:00,2026-10-04 03:28:13.864,587.42,long,13.646,587.42
2026-10-04 05:10:08,2026-10-04,05:15 - 05:30,2026-10-04 03:30:00,2026-10-04 03:43:12.802,602.86,long,10.835,602.86
2026-10-04 05:10:08,2026-10-04,05:30 - 05:45,2026-10-04 03:45:00,2026-10-04 03:58:13.747,635.48,long,3.545,635.48
2026-10-04 05:10:08,2026-10-04,05:45 - 06:00,2026-10-04 04:00:00,2026-10-04 04:13:13.269,614.42,long,43.552,614.42
2026-10-04 05:10:08,2026-10-04,06:00 - 06:15,2026-10-04 04:15:00,2026-10-04 04:29:13.478,613.8,long,24.444,613.8
2026-10-04 05:10:08,2026-10-04,06:15 - 06:30,2026-10-04 04:30:00,2026-10-04 04:42:14.332,606.76,long,20.302,606.76
2026-10-04 05:10:08,2026-10-04,06:30 - 06:45,2026-10-04 04:45:00,2026-10-04 04:58:13.155,643.11,long,19.151,643.11
2026-10-04 11:04:16,2026-10-04,06:45 - 07:00,2026-10-04 05:00:00,2026-10-04 05:12:14.661,657.53,long,9.826,669.84
2026-10-04 11:04:16,2026-10-04,07:00 - 07:15,2026-10-04 05:15:00,2026-10-04 05:26:13.175,793.62,short,-37.548,793.62
2026-10-04 11:04:16,2026-10-04,07:15 - 07:30,2026-10-04 05:30:00,2026-10-04 05:42:12.951,647.91,long,17.423,647.91
2026-10-04 11:04:16,2026-10-04,07:30 - 07:45,2026-10-04 05:45:00,2026-10-04 05:58:13.409,636.65,long,50.702,636.65
2026-10-04 11:04:16,2026-10-04,07:45 - 08:00,2026-10-04 06:00:00,2026-10-04 06:11:14.33,480.4,long,106.568,480.4
2026-10-04 11:04:16,2026-10-04,08:00 - 08:15,2026-10-04 06:15:00,2026-10-04 06:27:13.913,487.88,long,78.553,487.88
2026-10-04 11:04:16,2026-10-04,08:15 - 08:30,2026-10-04 06:30:00,2026-10-04 06:41:13.693,509.07,long,68.165,509.07
2026-10-04 11:04:16,2026-10-04,08:30 - 08:45,2026-10-04 06:45:00,2026-10-04 06:57:13.58,443.78,long,134.723,443.78
2026-10-04 11:04:16,2026-10-04,08:45 - 09:00,2026-10-04 07:00:00,2026-10-04 07:12:13.392,419.65,long,155.615,419.65
2026-10-04 11:04:16,2026-10-04,09:00 - 09:15,2026-10-04 07:15:00,2026-10-04 07:26:14.29,493.63,long,63.081,493.63
2026-10-04 11:04:16,2026-10-04,09:15 - 09:30,2026-10-04 07:30:00,2026-10-04 07:41:14.298,543.55,short,-7.976,543.55
2026-10-04 11:04:16,2026-10-04,09:30 - 09:45,2026-10-04 07:45:00,2026-10-04 07:57:13.869,428.46,long,53.219,428.46
2026-10-04 11:04:16,2026-10-04,09:45 - 10:00,2026-10-04 08:00:00,2026-10-04 08:10:13.632,174.38,long,98.706,174.38
2026-10-04 11:04:16,2026-10-04,10:00 - 10:15,2026-10-04 08:15:00,2026-10-04 08:27:13.017,423.38,long,23.544,423.38
2026-10-04 11:04:16,2026-10-04,10:15 - 10:30,2026-10-04 08:30:00,2026-10-04 08:42:13.838,358.34,long,86.051,358.34
2026-10-04 11:04:16,2026-10-04,10:30 - 10:45,2026-10-04 08:45:00,2026-10-04 08:57:13.744,488.0,short,-38.714,488.0
2026-10-04 11:04:16,2026-10-04,10:45 - 11:00,2026-10-04 09:00:00,2026-10-04 09:10:13.52,568.84,short,-61.19,568.84
2026-10-04 11:04:16,2026-10-04,11:00 - 11:15,2026-10-04 09:15:00,2026-10-04 09:26:13.111,556.98,short,-32.425,556.98
2026-10-04 11:04:16,2026-10-04,11:15 - 11:30,2026-10-04 09:30:00,2026-10-04 09:42:13.718,549.98,short,-19.259,549.98
2026-10-04 11:04:16,2026-10-04,11:30 - 11:45,2026-10-04 09:45:00,2026-10-04 09:57:14.062,550.33,short,-21.517,550.33
2026-10-04 11:04:16,2026-10-04,11:45 - 12:00,2026-10-04 10:00:00,2026-10-04 10:13:13.352,551.64,short,-21.009,551.64
2026-10-04 11:04:16,2026-10-04,12:00 - 12:15,2026-10-04 10:15:00,2026-10-04 10:28:14.048,558.64,short,-44.199,558.64
2026-10-04 11:04:16,2026-10-04,12:15 - 12:30,2026-10-04 10:30:00,2026-10-04 10:41:13.13,-118.78,long,77.776,-118.78
2026-10-04 11:04:16,2026-10-04,12:30 - 12:45,2026-10-04 10:45:00,2026-10-04 10:57:13.96,-118.63,long,64.139,-118.63
2026-10-04 17:59:15,2026-10-04,12:45 - 13:00,2026-10-04 11:00:00,2026-10-04 11:11:13.644,-92.49,long,16.818,-92.49
2026-10-04 17:59:15,2026-10-04,13:00 - 13:15,2026-10-04 11:15:00,2026-10-04 11:27:14.037,-172.21,long,94.897,-172.21
2026-10-04 17:59:15,2026-10-04,13:15 - 13:30,2026-10-04 11:30:00,2026-10-04 11:41:13.781,-214.67,long,80.093,-214.67
2026-10-04 17:59:15,2026-10-04,13:30 - 13:45,2026-10-04 11:45:00,2026-10-04 11:57:13.635,-241.48,long,65.551,-241.48
2026-10-04 17:59:15,2026-10-04,13:45 - 14:00,2026-10-04 12:00:00,2026-10-04 12:11:13.694,129.31,long,51.399,408.62
2026-10-04 17:59:15,2026-10-04,14:00 - 14:15,2026-10-04 12:15:00,2026-10-04 12:27:13.303,534.76,short,-173.121,534.76
2026-10-04 17:59:15,2026-10-04,14:15 - 14:30,2026-10-04 12:30:00,2026-10-04 12:42:14.844,555.08,short,-84.521,555.08
2026-10-04 17:59:15,2026-10-04,14:30 - 14:45,2026-10-04 12:45:00,2026-10-04 13:00:14.424,581.8,short,-116.653,581.8
2026-10-04 17:59:15,2026-10-04,14:45 - 15:00,2026-10-04 13:00:00,2026-10-04 13:12:13.692,516.37,short,-64.707,516.37
2026-10-04 17:59:15,2026-10-04,15:00 - 15:15,2026-10-04 13:15:00,2026-10-04 13:27:13.263,572.28,short,-105.085,572.28
2026-10-04 17:59:15,2026-10-04,15:15 - 15:30,2026-10-04 13:30:00,2026-10-04 13:43:13.772,372.71,short,-13.88,271.22
2026-10-04 17:59:15,2026-10-04,15:30 - 15:45,2026-10-04 13:45:00,2026-10-04 13:58:14.187,421.96,long,10.383,423.26
2026-10-04 17:59:15,2026-10-04,15:45 - 16:00,2026-10-04 14:00:00,2026-10-04 14:12:14.033,492.13,short,-14.288,482.96
2026-10-04 17:59:15,2026-10-04,16:00 - 16:15,2026-10-04 14:15:00,2026-10-04 14:28:13.661,247.04,long,87.878,247.04
2026-10-04 17:59:15,2026-10-04,16:15 - 16:30,2026-10-04 14:30:00,2026-10-04 14:41:13.442,260.02,long,150.647,260.02
2026-10-04 17:59:15,2026-10-04,16:30 - 16:45,2026-10-04 14:45:00,2026-10-04 14:57:13.21,419.68,long,91.709,419.68
2026-10-04 17:59:15,2026-10-04,16:45 - 17:00,2026-10-04 15:00:00,2026-10-04 15:10:13.62,828.79,short,-28.771,828.79
2026-10-04 17:59:15,2026-10-04,17:00 - 17:15,2026-10-04 15:15:00,2026-10-04 15:26:13.408,441.44,long,17.415,441.44
2026-10-04 17:59:15,2026-10-04,17:15 - 17:30,2026-10-04 15:30:00,2026-10-04 15:41:13.102,456.21,long,23.563,456.21
2026-10-04 17:59:15,2026-10-04,17:30 - 17:45,2026-10-04 15:45:00,2026-10-04 15:58:13.49,944.19,short,-25.918,811.61
2026-10-04 17:59:15,2026-10-04,17:45 - 18:00,2026-10-04 16:00:00,2026-10-04 16:11:13.216,994.59,short,-87.555,837.67
2026-10-04 17:59:15,2026-10-04,18:00 - 18:15,2026-10-04 16:15:00,2026-10-04 16:26:13.302,983.11,short,-85.921,983.11
2026-10-04 17:59:15,2026-10-04,18:15 - 18:30,2026-10-04 16:30:00,2026-10-04 16:42:14.589,993.43,short,-57.386,993.43
2026-10-04 17:59:15,2026-10-04,18:30 - 18:45,2026-10-04 16:45:00,2026-10-04 16:57:13.83,1013.58,short,-55.295,1013.58
2026-10-04 17:59:15,2026-10-04,18:45 - 19:00,2026-10-04 17:00:00,2026-10-04 17:11:13.48,1027.88,short,-65.964,1006.9
2026-10-04 17:59:15,2026-10-04,19:00 - 19:15,2026-10-04 17:15:00,2026-10-04 17:26:16.711,1086.77,short,-68.962,1086.77
2026-10-04 17:59:15,2026-10-04,19:15 - 19:30,2026-10-04 17:30:00,2026-10-04 17:42:13.931,1073.13,short,-20.258,1073.13
2026-10-04 17:59:15,2026-10-04,19:30 - 19:45,2026-10-04 17:45:00,2026-10-04 17:56:13.951,544.28,long,10.425,544.28
